{
    "loss": 0.5485953837633133,
    "accuracy": 0.7682291666666666,
    "f1": 0.0,
    "recall": 0.0,
    "precision": NaN,
    "specificity": 1.0
}