{
    "loss": 0.5216171145439148,
    "accuracy": 0.7873883928571428,
    "f1": 0.0,
    "recall": 0.0,
    "precision": NaN,
    "specificity": 1.0
}