{
    "args": {
        "seed": 1234,
        "batch_size": 32,
        "num_epochs": 20,
        "train_ratio": 0.8,
        "val_ratio": 0.1,
        "stop_p": 6,
        "stop_c1": 0.02,
        "stop_c2": 0.01,
        "exp_dir": "/disk/scratch/s1515896/rob/output/awb_32_test",
        "save_model": true,
        "args_json_path": null,
        "data_json_path": "/disk/scratch/s1515896/rob/input/pome/rob_tokens.json",
        "embed_dim": 200,
        "embed_path": "/disk/scratch/s1515896/rob/input/pome/wikipedia-pubmed-and-PMC-w2v.txt",
        "rob_item": "BlindedOutcomeAssessment",
        "net_type": "attn",
        "weight_balance": true,
        "dropout": 0.5,
        "batch_norm": false,
        "threshold": 0.5,
        "embed_trainable": true,
        "under_sample_ratio": null,
        "max_vocab_size": 5000,
        "max_token_len": 10000,
        "min_occur_freq": 10,
        "cut_head_ratio": 0,
        "cut_tail_ratio": 0,
        "num_filters": 100,
        "filter_sizes": "3,4,5",
        "rnn_cell_type": "gru",
        "rnn_hidden_dim": 100,
        "rnn_num_layers": 2,
        "bidirection": true,
        "output_attn": false,
        "word_hidden_dim": 30,
        "word_num_layers": 1,
        "sent_hidden_dim": 20,
        "sent_num_layers": 1,
        "max_doc_len": 0,
        "max_sent_len": 0,
        "num_heads": 2,
        "ff_dim": 10,
        "num_enc_layers": 2
    },
    "prfs": {
        "train_1": {
            "loss": 0.6947685474035691,
            "accuracy": 0.514030612244898,
            "f1": 0.3365563880421194,
            "recall": 0.5155584919615531,
            "precision": 0.2949965515259429,
            "specificity": 0.511932044037106
        },
        "valid_1": {
            "loss": 0.689451916217804,
            "accuracy": 0.66375,
            "f1": 0.2574781029084434,
            "recall": 0.22089832389832387,
            "precision": 0.3747619047619048,
            "specificity": 0.8561129450523848
        },
        "train_2": {
            "loss": 0.6820380347115653,
            "accuracy": 0.5731823979591837,
            "f1": 0.42046048896237126,
            "recall": 0.5441519718943185,
            "precision": 0.37467746216148606,
            "specificity": 0.5895996553255888
        },
        "valid_2": {
            "loss": 0.687867968082428,
            "accuracy": 0.445,
            "f1": 0.4555504178559627,
            "recall": 0.8166474701768819,
            "precision": 0.3256974007478387,
            "specificity": 0.2894223297678675
        },
        "train_3": {
            "loss": 0.6663648270222605,
            "accuracy": 0.5945471938775511,
            "f1": 0.46033266157197283,
            "recall": 0.6192795866265254,
            "precision": 0.40196011547423294,
            "specificity": 0.5792166612633567
        },
        "valid_3": {
            "loss": 0.6559989333152771,
            "accuracy": 0.68125,
            "f1": 0.43629993163833525,
            "recall": 0.45268253968253963,
            "precision": 0.44378743478743465,
            "specificity": 0.7755275207316129
        },
        "train_4": {
            "loss": 0.49394860802864543,
            "accuracy": 0.8086734693877551,
            "f1": 0.7242299465328974,
            "recall": 0.8246693882348144,
            "precision": 0.6665320760294933,
            "specificity": 0.8021185855614344
        },
        "valid_4": {
            "loss": 0.44217540860176086,
            "accuracy": 0.8675,
            "f1": 0.7942927784290016,
            "recall": 0.8767258297258299,
            "precision": 0.7417610634979056,
            "specificity": 0.864411790142225
        },
        "train_5": {
            "loss": 0.4348601847887039,
            "accuracy": 0.8816964285714286,
            "f1": 0.8093642518554048,
            "recall": 0.8684240653427012,
            "precision": 0.77014071196244,
            "specificity": 0.8877733875255335
        },
        "valid_5": {
            "loss": 0.4396902298927307,
            "accuracy": 0.875,
            "f1": 0.7951956740198228,
            "recall": 0.8588548118548118,
            "precision": 0.7625064935064938,
            "specificity": 0.8832779776551754
        },
        "train_6": {
            "loss": 0.42611270397901535,
            "accuracy": 0.8872767857142857,
            "f1": 0.819990147469707,
            "recall": 0.87997164067092,
            "precision": 0.7802368349937373,
            "specificity": 0.8902113825098755
        },
        "valid_6": {
            "loss": 0.4389706456661224,
            "accuracy": 0.8725,
            "f1": 0.7960628050943925,
            "recall": 0.8639944499944502,
            "precision": 0.7624741369741374,
            "specificity": 0.880291252217568
        },
        "train_7": {
            "loss": 0.41825911463523396,
            "accuracy": 0.8939732142857143,
            "f1": 0.8291909408515922,
            "recall": 0.8943108154017517,
            "precision": 0.7861208123775649,
            "specificity": 0.8940033388676559
        },
        "valid_7": {
            "loss": 0.4355782926082611,
            "accuracy": 0.8725,
            "f1": 0.7882611736024736,
            "recall": 0.8911434121434124,
            "precision": 0.7205379065379066,
            "specificity": 0.8651439694638781
        },
        "train_8": {
            "loss": 0.4106884315914037,
            "accuracy": 0.8984375,
            "f1": 0.8384114918525607,
            "recall": 0.9096498668564995,
            "precision": 0.7888737493700522,
            "specificity": 0.8927389327297577
        },
        "valid_8": {
            "loss": 0.4317151999473572,
            "accuracy": 0.875,
            "f1": 0.7876260904852391,
            "recall": 0.9131155511155513,
            "precision": 0.7131709695533226,
            "specificity": 0.8590110809347534
        },
        "train_9": {
            "loss": 0.41099665283548587,
            "accuracy": 0.8982780612244898,
            "f1": 0.8398966152197597,
            "recall": 0.9085797493323008,
            "precision": 0.7939870312313364,
            "specificity": 0.8944297429065636
        },
        "valid_9": {
            "loss": 0.4323558437824249,
            "accuracy": 0.8775,
            "f1": 0.7995414521580811,
            "recall": 0.8788512043512045,
            "precision": 0.7492559107559109,
            "specificity": 0.8744413588206562
        },
        "train_10": {
            "loss": 0.40518795014644154,
            "accuracy": 0.9054528061224489,
            "f1": 0.8483127307736793,
            "recall": 0.9098431215073263,
            "precision": 0.8053431277518284,
            "specificity": 0.9024470670663906
        },
        "valid_10": {
            "loss": 0.43513866543769836,
            "accuracy": 0.875,
            "f1": 0.7992685929132104,
            "recall": 0.8811722721722722,
            "precision": 0.7466762975586506,
            "specificity": 0.8731924494693374
        },
        "train_11": {
            "loss": 0.4047197115664579,
            "accuracy": 0.9043367346938775,
            "f1": 0.8462952048509994,
            "recall": 0.9192003220702196,
            "precision": 0.7968695553479465,
            "specificity": 0.8992764135808168
        },
        "valid_11": {
            "loss": 0.43467575788497925,
            "accuracy": 0.88375,
            "f1": 0.7989137895234805,
            "recall": 0.8595705405705404,
            "precision": 0.7561790986790987,
            "specificity": 0.8906431847587858
        },
        "train_12": {
            "loss": 0.40951020057712284,
            "accuracy": 0.9035395408163265,
            "f1": 0.8409581115389859,
            "recall": 0.905852863123271,
            "precision": 0.8014328858635654,
            "specificity": 0.9035026577288456
        },
        "valid_12": {
            "loss": 0.43940490841865537,