{
    "args": {
        "seed": 1234,
        "batch_size": 32,
        "num_epochs": 20,
        "train_ratio": 0.8,
        "val_ratio": 0.1,
        "stop_p": 3,
        "stop_c1": 0.01,
        "stop_c2": 0.01,
        "exp_dir": "/disk/scratch/s1515896/rob/output/awe_8_test",
        "save_model": true,
        "args_json_path": null,
        "data_json_path": "/disk/scratch/s1515896/rob/input/pome/rob_tokens.json",
        "embed_dim": 200,
        "embed_path": "/disk/scratch/s1515896/rob/input/pome/wikipedia-pubmed-and-PMC-w2v.txt",
        "rob_item": "AnimalExclusions",
        "net_type": "attn",
        "weight_balance": true,
        "dropout": 0.5,
        "batch_norm": true,
        "threshold": 0.5,
        "embed_trainable": true,
        "under_sample_ratio": null,
        "max_vocab_size": 5000,
        "max_token_len": 10000,
        "min_occur_freq": 10,
        "cut_head_ratio": 0,
        "cut_tail_ratio": 0,
        "num_filters": 100,
        "filter_sizes": "3,4,5",
        "rnn_cell_type": "lstm",
        "rnn_hidden_dim": 6,
        "rnn_num_layers": 1,
        "bidirection": true,
        "output_attn": false,
        "word_hidden_dim": 30,
        "word_num_layers": 1,
        "sent_hidden_dim": 20,
        "sent_num_layers": 1,
        "max_doc_len": 0,
        "max_sent_len": 0,
        "num_heads": 2,
        "ff_dim": 10,
        "num_enc_layers": 2
    },
    "prfs": {
        "train_1": {
            "loss": 0.6606306724098264,
            "accuracy": 0.5699936224489796,
            "f1": 0.25893451450964594,
            "recall": 0.6356818918043406,
            "precision": 0.16983866355312288,
            "specificity": 0.5611755839648938
        },
        "valid_1": {
            "loss": 0.5684472680091858,
            "accuracy": 0.76,
            "f1": 0.4380640721507594,
            "recall": 0.7292034632034633,
            "precision": 0.3372345432345432,
            "specificity": 0.7663986762300443
        },
        "train_2": {
            "loss": 0.5614739802418923,
            "accuracy": 0.7622767857142857,
            "f1": 0.41945124124627514,
            "recall": 0.7679138321995461,
            "precision": 0.31160326351652906,
            "specificity": 0.7661659296219275
        },
        "valid_2": {
            "loss": 0.5527002096176148,
            "accuracy": 0.79,
            "f1": 0.45082526211318785,
            "recall": 0.688888888888889,
            "precision": 0.36071073371073376,
            "specificity": 0.7986949236329491
        },
        "train_3": {
            "loss": 0.5191187411546707,
            "accuracy": 0.8072385204081632,
            "f1": 0.5004974871891379,
            "recall": 0.8435799319727891,
            "precision": 0.3822154319603299,
            "specificity": 0.8046580754101578
        },
        "valid_3": {
            "loss": 0.5276942503452301,
            "accuracy": 0.845,
            "f1": 0.5388266700619642,
            "recall": 0.6997777777777777,
            "precision": 0.4708544788544788,
            "specificity": 0.8664666110168361
        },
        "train_4": {
            "loss": 0.47068691633793774,
            "accuracy": 0.8582589285714286,
            "f1": 0.593389347913658,
            "recall": 0.9100947521865892,
            "precision": 0.4667075271667108,
            "specificity": 0.8532874346012312
        },
        "valid_4": {
            "loss": 0.528306633234024,
            "accuracy": 0.84125,
            "f1": 0.5194601243269974,
            "recall": 0.6655238095238096,
            "precision": 0.4592784992784992,
            "specificity": 0.8680209070622863
        },
        "train_5": {
            "loss": 0.43241875846775213,
            "accuracy": 0.896843112244898,
            "f1": 0.6727033853834573,
            "recall": 0.9681912050534501,
            "precision": 0.5467087051270727,
            "specificity": 0.8898392837151321
        },
        "valid_5": {
            "loss": 0.5209456646442413,
            "accuracy": 0.84875,
            "f1": 0.5381882561882562,
            "recall": 0.7151904761904762,
            "precision": 0.4607197247197247,
            "specificity": 0.8717290304954762
        },
        "train_6": {
            "loss": 0.4070715983303226,
            "accuracy": 0.9268176020408163,
            "f1": 0.7331822103063496,
            "recall": 0.9662516196954974,
            "precision": 0.6235442986718495,
            "specificity": 0.9229926773445819
        },
        "valid_6": {
            "loss": 0.5386510622501374,
            "accuracy": 0.88375,
            "f1": 0.5643088023088023,
            "recall": 0.5929523809523809,
            "precision": 0.5641587301587302,
            "specificity": 0.9274113454872075
        },
        "train_7": {
            "loss": 0.39038586844595113,
            "accuracy": 0.9422831632653061,
            "f1": 0.7821112098904794,
            "recall": 0.9702482183349531,
            "precision": 0.6897797214123743,
            "specificity": 0.9389474227424813
        },
        "valid_7": {
            "loss": 0.520339947938919,
            "accuracy": 0.84125,
            "f1": 0.5486148883795943,
            "recall": 0.7421904761904762,
            "precision": 0.4677950937950937,
            "specificity": 0.8554012619276244
        },
        "train_8": {
            "loss": 0.38125745952129364,
            "accuracy": 0.9524872448979592,
            "f1": 0.807908749492752,
            "recall": 0.9669460641399419,
            "precision": 0.7268031996348318,
            "specificity": 0.9511327624942817
        },
        "valid_8": {
            "loss": 0.5366757428646087,
            "accuracy": 0.8575,
            "f1": 0.5394287934287934,
            "recall": 0.6369523809523809,
            "precision": 0.49761904761904757,
            "specificity": 0.8913465326417496
        },
        "train_9": {
            "loss": 0.374085148986505,
            "accuracy": 0.9574298469387755,
            "f1": 0.8230366952238598,
            "recall": 0.9525366640162559,
            "precision": 0.7526684483317134,
            "specificity": 0.9558915465344607
        },
        "valid_9": {
            "loss": 0.5291541945934296,
            "accuracy": 0.86,
            "f1": 0.518028083028083,
            "recall": 0.600031746031746,
            "precision": 0.4877258297258298,
            "specificity": 0.8948748882819251
        },
        "train_10": {
            "loss": 0.3686774195152886,
            "accuracy": 0.9622130102040817,
            "f1": 0.8357176225731542,
            "recall": 0.9680393586005833,
            "precision": 0.7672821509556202,
            "specificity": 0.9622540462117177
        },
        "valid_10": {
            "loss": 0.5552580046653748,
            "accuracy": 0.8875,
            "f1": 0.5609369986738407,
            "recall": 0.5895021645021645,
            "precision": 0.5931904761904762,
            "specificity": 0.9414370741605446
        },
        "train_11": {
            "loss": 0.3634972782159338,
            "accuracy": 0.9646045918367347,
            "f1": 0.8467940364624037,
            "recall": 0.9582725947521868,
            "precision": 0.7853316326530613,
            "specificity": 0.9644782340603807
        },
        "valid_11": {
            "loss": 0.5371507656574249,
            "accuracy": 0.84375,
            "f1": 0.5258220434536225,
            "recall": 0.619,
            "precision": 0.49109390609390613,
            "specificity": 0.8714544945023255
        },
        "train_12": {
            "loss": 0.35611543880433455,
            "accuracy": 0.9708227040816326,
            "f1": 0.8739372688802461,
            "recall": 0.9743500971817302,
            "precision": 0.8176990384898551,
            "specificity": 0.9700583783337011
        },
        "valid_12": {
            "loss": 0.5551917231082917,
            "accuracy": 0.87625,