{
    "args": {
        "seed": 1234,
        "batch_size": 32,
        "num_epochs": 20,
        "train_ratio": 0.8,
        "val_ratio": 0.1,
        "stop_p": 2,
        "stop_c1": 0.01,
        "stop_c2": 0.008,
        "exp_dir": "/disk/scratch/s1515896/rob/output/awi_34_test",
        "save_model": true,
        "args_json_path": null,
        "data_json_path": "/disk/scratch/s1515896/rob/input/pome/rob_tokens.json",
        "embed_dim": 200,
        "embed_path": "/disk/scratch/s1515896/rob/input/pome/wikipedia-pubmed-and-PMC-w2v.txt",
        "rob_item": "ConflictsOfInterest",
        "net_type": "attn",
        "weight_balance": true,
        "dropout": 0.5,
        "batch_norm": false,
        "threshold": 0.5,
        "embed_trainable": true,
        "under_sample_ratio": null,
        "max_vocab_size": 5000,
        "max_token_len": 10000,
        "min_occur_freq": 10,
        "cut_head_ratio": 0,
        "cut_tail_ratio": 0,
        "num_filters": 100,
        "filter_sizes": "3,4,5",
        "rnn_cell_type": "gru",
        "rnn_hidden_dim": 20,
        "rnn_num_layers": 2,
        "bidirection": true,
        "output_attn": false,
        "word_hidden_dim": 30,
        "word_num_layers": 1,
        "sent_hidden_dim": 20,
        "sent_num_layers": 1,
        "max_doc_len": 0,
        "max_sent_len": 0,
        "num_heads": 2,
        "ff_dim": 10,
        "num_enc_layers": 2
    },
    "prfs": {
        "train_1": {
            "loss": 0.588820266422261,
            "accuracy": 0.736732544141252,
            "f1": 0.5567590425621914,
            "recall": 0.6069455903023316,
            "precision": 0.5739820717000944,
            "specificity": 0.8046943771427897
        },
        "valid_1": {
            "loss": 0.45613198565400165,
            "accuracy": 0.8831521739130435,
            "f1": 0.7807313603071,
            "recall": 0.7807940851419112,
            "precision": 0.8013165578382969,
            "specificity": 0.9150358924839076
        },
        "train_2": {
            "loss": 0.45159518182947395,
            "accuracy": 0.8741974317817015,
            "f1": 0.802201395764081,
            "recall": 0.8340324712557029,
            "precision": 0.7934641724215418,
            "specificity": 0.8936732639402333
        },
        "valid_2": {
            "loss": 0.4508816755336264,
            "accuracy": 0.8940217391304348,
            "f1": 0.7971800000418753,
            "recall": 0.7635075069857679,
            "precision": 0.8628757715714239,
            "specificity": 0.951692793658767
        },
        "train_3": {
            "loss": 0.43915627260556384,
            "accuracy": 0.8837780898876404,
            "f1": 0.818028833321765,
            "recall": 0.8493611803302813,
            "precision": 0.8064148396728756,
            "specificity": 0.9008721880649623
        },
        "valid_3": {
            "loss": 0.4539837578068609,
            "accuracy": 0.8899456521739131,
            "f1": 0.7751701222753854,
            "recall": 0.7384779471735993,
            "precision": 0.8395377569290615,
            "specificity": 0.947178765930803
        },
        "train_4": {
            "loss": 0.4244740027725027,
            "accuracy": 0.8991272070626003,
            "f1": 0.8354060510393831,
            "recall": 0.8574567575517669,
            "precision": 0.830217230956873,
            "specificity": 0.9192226130672327
        },
        "valid_4": {
            "loss": 0.450222698242768,
            "accuracy": 0.8872282608695652,
            "f1": 0.7627579857960798,
            "recall": 0.7716120835686054,
            "precision": 0.7668721375243114,
            "specificity": 0.9323466797852433
        },
        "train_5": {
            "loss": 0.41821305286348537,
            "accuracy": 0.9035162520064206,
            "f1": 0.8469172589967171,
            "recall": 0.8696922991453714,
            "precision": 0.8372991080725796,
            "specificity": 0.9192617500578951
        },
        "valid_5": {
            "loss": 0.42841891231744184,
            "accuracy": 0.9089673913043478,
            "f1": 0.775706666725145,
            "recall": 0.7651688890819327,
            "precision": 0.7999074596900684,
            "specificity": 0.9481674462203763
        },
        "train_6": {
            "loss": 0.4128144740053777,
            "accuracy": 0.9095856741573034,
            "f1": 0.8556357114191774,
            "recall": 0.8718339488043718,
            "precision": 0.8524998698701601,
            "specificity": 0.9270544071637472
        },
        "valid_6": {
            "loss": 0.43355289490326593,
            "accuracy": 0.8953804347826086,
            "f1": 0.760678674535856,
            "recall": 0.777301683823423,
            "precision": 0.7624700179048006,
            "specificity": 0.9224722894074202
        },
        "train_7": {
            "loss": 0.40823681602317297,
            "accuracy": 0.9137991573033708,
            "f1": 0.8616846452567405,
            "recall": 0.883547373534155,
            "precision": 0.8500265661121579,
            "specificity": 0.9272992903968025
        },
        "valid_7": {
            "loss": 0.4316808568394702,
            "accuracy": 0.9035326086956522,
            "f1": 0.762211951936416,
            "recall": 0.7644003339655514,
            "precision": 0.7861039926257319,
            "specificity": 0.9399467003993918
        },
        "train_8": {
            "loss": 0.4057087523213933,
            "accuracy": 0.9134480337078652,
            "f1": 0.8593091643312611,
            "recall": 0.8835358617661986,
            "precision": 0.8482377251337918,
            "specificity": 0.9255251345314316
        },
        "valid_8": {
            "loss": 0.4253278115521307,
            "accuracy": 0.90625,
            "f1": 0.7662779671052481,
            "recall": 0.7601204351204351,
            "precision": 0.8016249451032058,
            "specificity": 0.9353270796460531
        },
        "train_9": {
            "loss": 0.4102943753928281,
            "accuracy": 0.9111406500802569,
            "f1": 0.8581965824504768,
            "recall": 0.8752732950338349,
            "precision": 0.8575621355720147,
            "specificity": 0.929528236218108
        },
        "valid_9": {
            "loss": 0.4332294192003167,
            "accuracy": 0.8926630434782609,
            "f1": 0.7997105773247452,
            "recall": 0.8282097129923218,
            "precision": 0.7938296003513396,
            "specificity": 0.9107452112257605
        },
        "train_10": {
            "loss": 0.4080049149440915,
            "accuracy": 0.9066512841091492,
            "f1": 0.8515486372371752,
            "recall": 0.897900008855065,
            "precision": 0.8255151834836238,
            "specificity": 0.9116383738660162
        },
        "valid_10": {
            "loss": 0.46469735580941907,
            "accuracy": 0.8396739130434783,
            "f1": 0.7413624487935351,
            "recall": 0.8763018382583602,
            "precision": 0.651835430128269,
            "specificity": 0.821841320480262
        },
        "train_11": {
            "loss": 0.4177065844951051,
            "accuracy": 0.8987510032102728,
            "f1": 0.8433003801933254,
            "recall": 0.875560347891808,
            "precision": 0.8299158981578019,
            "specificity": 0.906847845922235
        },
        "valid_11": {
            "loss": 0.42323635194612585,
            "accuracy": 0.9035326086956522,
            "f1": 0.8287924588197901,
            "recall": 0.8540478844826671,
            "precision": 0.8201392810088464,
            "specificity": 0.9289148889337924
        },
        "train_12": {
            "loss": 0.4030213953738802,
            "accuracy": 0.9128210272873194,
            "f1": 0.8669150749405303,
            "recall": 0.9007712798617065,
            "precision": 0.8463020723715315,