{
    "args": {
        "seed": 1234,
        "batch_size": 32,
        "num_epochs": 20,
        "train_ratio": 0.8,
        "val_ratio": 0.1,
        "stop_p": 2,
        "stop_c1": 0.01,
        "stop_c2": 0.008,
        "exp_dir": "/disk/scratch/s1515896/rob/output/awr_13_test",
        "save_model": true,
        "args_json_path": null,
        "data_json_path": "/disk/scratch/s1515896/rob/input/pome/rob_tokens.json",
        "embed_dim": 200,
        "embed_path": "/disk/scratch/s1515896/rob/input/pome/wikipedia-pubmed-and-PMC-w2v.txt",
        "rob_item": "RandomizationTreatmentControl",
        "net_type": "attn",
        "weight_balance": true,
        "dropout": 0.5,
        "batch_norm": false,
        "threshold": 0.5,
        "embed_trainable": true,
        "under_sample_ratio": null,
        "max_vocab_size": 5000,
        "max_token_len": 10000,
        "min_occur_freq": 10,
        "cut_head_ratio": 0,
        "cut_tail_ratio": 0,
        "num_filters": 100,
        "filter_sizes": "3,4,5",
        "rnn_cell_type": "lstm",
        "rnn_hidden_dim": 14,
        "rnn_num_layers": 1,
        "bidirection": true,
        "output_attn": false,
        "word_hidden_dim": 30,
        "word_num_layers": 1,
        "sent_hidden_dim": 20,
        "sent_num_layers": 1,
        "max_doc_len": 0,
        "max_sent_len": 0,
        "num_heads": 2,
        "ff_dim": 10,
        "num_enc_layers": 2
    },
    "prfs": {
        "train_1": {
            "loss": 0.6331257693925683,
            "accuracy": 0.6516262755102041,
            "f1": 0.45662682562550405,
            "recall": 0.564762816548531,
            "precision": 0.42836468713891823,
            "specificity": 0.6903765134647439
        },
        "valid_1": {
            "loss": 0.4177225613594055,
            "accuracy": 0.9075,
            "f1": 0.81837173605422,
            "recall": 0.9034906204906206,
            "precision": 0.7696637806637807,
            "specificity": 0.910667966172314
        },
        "train_2": {
            "loss": 0.4234098665872399,
            "accuracy": 0.9033801020408163,
            "f1": 0.8269544267970367,
            "recall": 0.8806059303508282,
            "precision": 0.797559555790348,
            "specificity": 0.9136642287157569
        },
        "valid_2": {
            "loss": 0.4025416195392609,
            "accuracy": 0.92625,
            "f1": 0.846647459179967,
            "recall": 0.8799913419913419,
            "precision": 0.8395855255855256,
            "specificity": 0.9441515398497495
        },
        "train_3": {
            "loss": 0.404908046430471,
            "accuracy": 0.9186862244897959,
            "f1": 0.8485354740078022,
            "recall": 0.8878667534279776,
            "precision": 0.8256131207061576,
            "specificity": 0.9289904595417867
        },
        "valid_3": {
            "loss": 0.397679945230484,
            "accuracy": 0.9075,
            "f1": 0.8267335777636763,
            "recall": 0.9320923520923522,
            "precision": 0.7575094905094906,
            "specificity": 0.903719741128437
        },
        "train_4": {
            "loss": 0.401687926175643,
            "accuracy": 0.9185267857142857,
            "f1": 0.8515010232775495,
            "recall": 0.8972310923203782,
            "precision": 0.8257803350277835,
            "specificity": 0.9270803585794772
        },
        "valid_4": {
            "loss": 0.39919468879699704,
            "accuracy": 0.9275,
            "f1": 0.8406246152858862,
            "recall": 0.881045732045732,
            "precision": 0.8405262515262517,
            "specificity": 0.943362326069207
        },
        "train_5": {
            "loss": 0.39472514345329635,
            "accuracy": 0.9260204081632653,
            "f1": 0.863880188128112,
            "recall": 0.9033798117981788,
            "precision": 0.8417628573240811,
            "specificity": 0.9358356201239394
        },
        "valid_5": {
            "loss": 0.4058381414413452,
            "accuracy": 0.90625,
            "f1": 0.8133005669253347,
            "recall": 0.909810522810523,
            "precision": 0.753824952824953,
            "specificity": 0.9080365972530733
        },
        "train_6": {
            "loss": 0.3923716057015925,
            "accuracy": 0.9292091836734694,
            "f1": 0.8673629621906267,
            "recall": 0.9048054128411271,
            "precision": 0.8456163509359786,
            "specificity": 0.9387117386175204
        },
        "valid_6": {
            "loss": 0.40308895230293273,
            "accuracy": 0.91625,
            "f1": 0.8296314860015224,
            "recall": 0.8996305916305916,
            "precision": 0.7801976911976912,
            "specificity": 0.9218039642463853
        },
        "train_7": {
            "loss": 0.3851786302972813,
            "accuracy": 0.9346301020408163,
            "f1": 0.8774279589015562,
            "recall": 0.9145810821831227,
            "precision": 0.8539033557978633,
            "specificity": 0.9419129899704473
        },
        "valid_7": {
            "loss": 0.39765856027603147,
            "accuracy": 0.92,
            "f1": 0.8456906002718361,
            "recall": 0.8998556998556999,
            "precision": 0.80604551004551,
            "specificity": 0.9272770051204836
        },
        "train_8": {
            "loss": 0.38165380881757155,
            "accuracy": 0.9360650510204082,
            "f1": 0.8829930607318716,
            "recall": 0.9222643569582342,
            "precision": 0.8598106258820541,
            "specificity": 0.941065200606947
        },
        "valid_8": {
            "loss": 0.39615934014320375,
            "accuracy": 0.9175,
            "f1": 0.8389002491055259,
            "recall": 0.9165074925074927,
            "precision": 0.783836940836941,
            "specificity": 0.91944145616228
        },
        "train_9": {
            "loss": 0.3795934394001961,
            "accuracy": 0.9387755102040817,
            "f1": 0.8862818225234728,
            "recall": 0.9205912972081939,
            "precision": 0.8642606976190408,
            "specificity": 0.9443426090608072
        },
        "valid_9": {
            "loss": 0.3939390182495117,
            "accuracy": 0.91625,
            "f1": 0.8402207224183263,
            "recall": 0.9250779220779219,
            "precision": 0.7814777444777445,
            "specificity": 0.9149431442121098
        },
        "train_10": {
            "loss": 0.37909391142275867,
            "accuracy": 0.9352678571428571,
            "f1": 0.8811954674893835,
            "recall": 0.9316295382621916,
            "precision": 0.8483986493365236,
            "specificity": 0.9369547733283843
        },
        "valid_10": {
            "loss": 0.39074972629547117,
            "accuracy": 0.92375,
            "f1": 0.8402298654815817,
            "recall": 0.9194926184926184,
            "precision": 0.7887587967587968,
            "specificity": 0.9256775719372261
        },
        "train_11": {
            "loss": 0.3771897265497519,
            "accuracy": 0.939094387755102,
            "f1": 0.8862918549546732,
            "recall": 0.9307176525288771,
            "precision": 0.8561538801334716,
            "specificity": 0.9416088328539255
        },
        "valid_11": {
            "loss": 0.3911844789981842,
            "accuracy": 0.9275,
            "f1": 0.8477654475465758,
            "recall": 0.9007907647907649,
            "precision": 0.811945165945166,
            "specificity": 0.9375912057735145
        },
        "train_12": {
            "loss": 0.372929504939488,
            "accuracy": 0.9432397959183674,
            "f1": 0.8953647028174435,
            "recall": 0.9357931892370664,
            "precision": 0.8726932081523914,
            "specificity": 0.9472518239045263
        },
        "valid_12": {
            "loss": 0.3878226470947266,
            "accuracy": 0.925,