{
    "args": {
        "seed": 1234,
        "batch_size": 32,
        "num_epochs": 40,
        "train_ratio": 0.8,
        "val_ratio": 0.1,
        "stop_p": 3,
        "stop_c1": 0.01,
        "stop_c2": 0.01,
        "exp_dir": "/disk/scratch/s1515896/rob/output/aww_50_test",
        "save_model": true,
        "args_json_path": null,
        "data_json_path": "/disk/scratch/s1515896/rob/input/pome/rob_tokens.json",
        "embed_dim": 200,
        "embed_path": "/disk/scratch/s1515896/rob/input/pome/wikipedia-pubmed-and-PMC-w2v.txt",
        "rob_item": "AnimalWelfareRegulations",
        "net_type": "attn",
        "weight_balance": false,
        "dropout": 0.5,
        "batch_norm": true,
        "threshold": 0.5,
        "embed_trainable": true,
        "under_sample_ratio": null,
        "max_vocab_size": 5000,
        "max_token_len": 10000,
        "min_occur_freq": 10,
        "cut_head_ratio": 0,
        "cut_tail_ratio": 0,
        "num_filters": 100,
        "filter_sizes": "3,4,5",
        "rnn_cell_type": "gru",
        "rnn_hidden_dim": 4,
        "rnn_num_layers": 1,
        "bidirection": true,
        "output_attn": false,
        "word_hidden_dim": 30,
        "word_num_layers": 1,
        "sent_hidden_dim": 20,
        "sent_num_layers": 1,
        "max_doc_len": 0,
        "max_sent_len": 0,
        "num_heads": 2,
        "ff_dim": 10,
        "num_enc_layers": 2
    },
    "prfs": {
        "train_1": {
            "loss": 0.6488922733939095,
            "accuracy": 0.6343549357945425,
            "f1": 0.41834185874124913,
            "recall": 0.6210091562619647,
            "precision": 0.33324111731815137,
            "specificity": 0.6410567945287163
        },
        "valid_1": {
            "loss": 0.5996010899543762,
            "accuracy": 0.7228260869565217,
            "f1": 0.551726913988,
            "recall": 0.7486024844720497,
            "precision": 0.4590679922521355,
            "specificity": 0.7104030460988937
        },
        "train_2": {
            "loss": 0.5549620070149389,
            "accuracy": 0.7881721508828251,
            "f1": 0.5699972284799283,
            "recall": 0.6955500180219278,
            "precision": 0.5221571733509937,
            "specificity": 0.8226446917477985
        },
        "valid_2": {
            "loss": 0.5518844283145407,
            "accuracy": 0.7975543478260869,
            "f1": 0.5769828281716768,
            "recall": 0.7140724010289227,
            "precision": 0.5080199993243472,
            "specificity": 0.8063513389222274
        },
        "train_3": {
            "loss": 0.5115655576914884,
            "accuracy": 0.840213683788122,
            "f1": 0.6427609007625675,
            "recall": 0.7224799077327165,
            "precision": 0.6237565181385405,
            "specificity": 0.8800400591070231
        },
        "valid_3": {
            "loss": 0.4872015442537225,
            "accuracy": 0.8614130434782609,
            "f1": 0.6599880158734414,
            "recall": 0.6490636175418784,
            "precision": 0.6961093254571515,
            "specificity": 0.9106257958242835
        },
        "train_4": {
            "loss": 0.47750730628377935,
            "accuracy": 0.8797401685393258,
            "f1": 0.7206954669546984,
            "recall": 0.7580556771568014,
            "precision": 0.7177053439693887,
            "specificity": 0.9189397795826463
        },
        "valid_4": {
            "loss": 0.4567345769509025,
            "accuracy": 0.8899456521739131,
            "f1": 0.7088850053044425,
            "recall": 0.6228088336783988,
            "precision": 0.854606625258799,
            "specificity": 0.9696477082393905
        },
        "train_5": {
            "loss": 0.4594258687804254,
            "accuracy": 0.8878912520064206,
            "f1": 0.7350145514419174,
            "recall": 0.7634587166890539,
            "precision": 0.7534538807010714,
            "specificity": 0.9317907843965404
        },
        "valid_5": {
            "loss": 0.45814498351967853,
            "accuracy": 0.8980978260869565,
            "f1": 0.7214775562601651,
            "recall": 0.7127454670932932,
            "precision": 0.7727915804002762,
            "specificity": 0.9477606486491176
        },
        "train_6": {
            "loss": 0.43995564924866964,
            "accuracy": 0.9049959871589085,
            "f1": 0.7659561380221078,
            "recall": 0.781935916767378,
            "precision": 0.7953627365144219,
            "specificity": 0.9475116955244904
        },
        "valid_6": {
            "loss": 0.46299292211947235,
            "accuracy": 0.8831521739130435,
            "f1": 0.7354157452454666,
            "recall": 0.6871118012422359,
            "precision": 0.8286749482401656,
            "specificity": 0.9521242673315549
        },
        "train_7": {
            "loss": 0.42155161633920135,
            "accuracy": 0.9225772471910112,
            "f1": 0.8103360843533008,
            "recall": 0.8261528421640777,
            "precision": 0.8358318335846424,
            "specificity": 0.9583387021396278
        },
        "valid_7": {
            "loss": 0.4455581553604292,
            "accuracy": 0.8953804347826086,
            "f1": 0.6635783874073011,
            "recall": 0.5811437354915615,
            "precision": 0.7915804002760524,
            "specificity": 0.9686760939123888
        },
        "train_8": {
            "loss": 0.4049282904421346,
            "accuracy": 0.9421147672552168,
            "f1": 0.8578176041894563,
            "recall": 0.8555488674870692,
            "precision": 0.8831705903335118,
            "specificity": 0.971387284978453
        },
        "valid_8": {
            "loss": 0.4492152864518373,
            "accuracy": 0.8777173913043478,
            "f1": 0.7081273171123756,
            "recall": 0.6009489302967564,
            "precision": 0.9209109730848862,
            "specificity": 0.9845475909653603
        },
        "train_9": {
            "loss": 0.39973247637239734,
            "accuracy": 0.9408858346709471,
            "f1": 0.8573581069271056,
            "recall": 0.8524826764995302,
            "precision": 0.8923774259448417,
            "specificity": 0.9720454791187129
        },
        "valid_9": {
            "loss": 0.43634703496228094,
            "accuracy": 0.8913043478260869,
            "f1": 0.6612888382911265,
            "recall": 0.549573373486417,
            "precision": 0.8781573498964804,
            "specificity": 0.9841223640183941
        },
        "train_10": {
            "loss": 0.38490613491347664,
            "accuracy": 0.9548806179775281,
            "f1": 0.8897215128961048,
            "recall": 0.8928845031373119,
            "precision": 0.9120362939183163,
            "specificity": 0.9778327392936669
        },
        "valid_10": {
            "loss": 0.43914816949678503,
            "accuracy": 0.8940217391304348,
            "f1": 0.7387102667153818,
            "recall": 0.6942860279816802,
            "precision": 0.8109025032938079,
            "specificity": 0.9498441622162368
        },
        "train_11": {
            "loss": 0.37809851062431765,
            "accuracy": 0.9583667736757625,
            "f1": 0.8959789582584622,
            "recall": 0.8929796639066307,
            "precision": 0.9225811485642946,
            "specificity": 0.9809215822690533
        },
        "valid_11": {
            "loss": 0.44474761900694476,
            "accuracy": 0.8940217391304348,
            "f1": 0.7626392738450656,
            "recall": 0.7762343936256978,
            "precision": 0.7827373109981807,
            "specificity": 0.9345649479767203
        },
        "train_12": {
            "loss": 0.3718109003613504,
            "accuracy": 0.9608246388443018,
            "f1": 0.9035927549085067,
            "recall": 0.8992628626055592,
            "precision": 0.9364477438915644,