{
    "args": {
        "seed": 1234,
        "batch_size": 32,
        "num_epochs": 40,
        "train_ratio": 0.8,
        "val_ratio": 0.1,
        "stop_p": 3,
        "stop_c1": 0.01,
        "stop_c2": 0.01,
        "exp_dir": "/disk/scratch/s1515896/rob/output/cww_15_test",
        "save_model": true,
        "args_json_path": null,
        "data_json_path": "/disk/scratch/s1515896/rob/input/pome/rob_tokens.json",
        "embed_dim": 200,
        "embed_path": "/disk/scratch/s1515896/rob/input/pome/wikipedia-pubmed-and-PMC-w2v.txt",
        "rob_item": "AnimalWelfareRegulations",
        "net_type": "cnn",
        "weight_balance": false,
        "dropout": 0.5,
        "batch_norm": true,
        "threshold": 0.5,
        "embed_trainable": true,
        "under_sample_ratio": null,
        "max_vocab_size": 5000,
        "max_token_len": 10000,
        "min_occur_freq": 10,
        "cut_head_ratio": 0,
        "cut_tail_ratio": 0,
        "num_filters": 280,
        "filter_sizes": "3,4,5",
        "rnn_cell_type": "lstm",
        "rnn_hidden_dim": 100,
        "rnn_num_layers": 1,
        "bidirection": false,
        "word_hidden_dim": 30,
        "word_num_layers": 1,
        "sent_hidden_dim": 20,
        "sent_num_layers": 1,
        "max_doc_len": 0,
        "max_sent_len": 0,
        "num_heads": 2,
        "ff_dim": 10,
        "num_enc_layers": 2
    },
    "prfs": {
        "train_1": {
            "loss": 0.6146528094672086,
            "accuracy": 0.6790479534510433,
            "f1": 0.5043436635853895,
            "recall": 0.7932472957753856,
            "precision": 0.38650042777343013,
            "specificity": 0.6518313204234065
        },
        "valid_1": {
            "loss": 0.5070761675420015,
            "accuracy": 0.8546195652173914,
            "f1": 0.7274188675391072,
            "recall": 0.8276224982746723,
            "precision": 0.6691549995897822,
            "specificity": 0.8532916781195903
        },
        "train_2": {
            "loss": 0.537029026264555,
            "accuracy": 0.7940660112359551,
            "f1": 0.6206592690003471,
            "recall": 0.8338444171309337,
            "precision": 0.5223138129037006,
            "specificity": 0.790746617562431
        },
        "valid_2": {
            "loss": 0.4686082316481549,
            "accuracy": 0.8940217391304348,
            "f1": 0.7247961047193785,
            "recall": 0.768589622937449,
            "precision": 0.7094000202695855,
            "specificity": 0.919482390815094
        },
        "train_3": {
            "loss": 0.49593651043565085,
            "accuracy": 0.8490670144462278,
            "f1": 0.6887963153237142,
            "recall": 0.8329050475117893,
            "precision": 0.6146696312426652,
            "specificity": 0.8584153653415778
        },
        "valid_3": {
            "loss": 0.44846286721851514,
            "accuracy": 0.9144021739130435,
            "f1": 0.7697932360336455,
            "recall": 0.7829851308112177,
            "precision": 0.7745248712640016,
            "specificity": 0.9437423288746539
        },
        "train_4": {
            "loss": 0.46680556137240337,
            "accuracy": 0.8821980337078652,
            "f1": 0.7456552983281706,
            "recall": 0.8410219773983821,
            "precision": 0.6956876145078389,
            "specificity": 0.8988061603015352
        },
        "valid_4": {
            "loss": 0.43880064072816266,
            "accuracy": 0.9171195652173914,
            "f1": 0.8245201030703792,
            "recall": 0.8383712905452039,
            "precision": 0.8271331325679152,
            "specificity": 0.9393166530312087
        },
        "train_5": {
            "loss": 0.44502283900641326,
            "accuracy": 0.9050210674157303,
            "f1": 0.7789388381795943,
            "recall": 0.8493376317814522,
            "precision": 0.7442379249963516,
            "specificity": 0.9252274350392143
        },
        "valid_5": {
            "loss": 0.41925671567087586,
            "accuracy": 0.9334239130434783,
            "f1": 0.8080844011285526,
            "recall": 0.7963893594328377,
            "precision": 0.8459282263630091,
            "specificity": 0.9648933451201883
        },
        "train_6": {
            "loss": 0.43132891815699886,
            "accuracy": 0.9155296950240771,
            "f1": 0.79506003382544,
            "recall": 0.8591186747085621,
            "precision": 0.772360442304262,
            "specificity": 0.9366944562505102
        },
        "valid_6": {
            "loss": 0.4109562337398529,
            "accuracy": 0.9375,
            "f1": 0.8544731909182037,
            "recall": 0.8298999309868875,
            "precision": 0.9027432712215322,
            "specificity": 0.9721444378145376
        },
        "train_7": {
            "loss": 0.4142690101701222,
            "accuracy": 0.9308286516853933,
            "f1": 0.829256016587367,
            "recall": 0.8932321267995422,
            "precision": 0.8037241784432791,
            "specificity": 0.9469819157927024
        },
        "valid_7": {
            "loss": 0.4058694126813308,
            "accuracy": 0.9266304347826086,
            "f1": 0.7406496488809048,
            "recall": 0.6852688374427506,
            "precision": 0.8238581466842336,
            "specificity": 0.9768400314241523
        },
        "train_8": {
            "loss": 0.40045682700832236,
            "accuracy": 0.9396569020866774,
            "f1": 0.8543399261023292,
            "recall": 0.8997345039479869,
            "precision": 0.8395501969940175,
            "specificity": 0.9555216339253113
        },
        "valid_8": {
            "loss": 0.4122785407563914,
            "accuracy": 0.9375,
            "f1": 0.8581523939341716,
            "recall": 0.8516390614216702,
            "precision": 0.8928555743773133,
            "specificity": 0.9685614805274539
        },
        "train_9": {
            "loss": 0.3869207250268272,
            "accuracy": 0.9552066613162119,
            "f1": 0.8927814832074101,
            "recall": 0.9282511807792705,
            "precision": 0.8782816122703763,
            "specificity": 0.967062754982906
        },
        "valid_9": {
            "loss": 0.3975623185219972,
            "accuracy": 0.938858695652174,
            "f1": 0.8117421570420104,
            "recall": 0.7761183261183262,
            "precision": 0.867543446891273,
            "specificity": 0.9770299418500317
        },
        "train_10": {
            "loss": 0.375011963121007,
            "accuracy": 0.964185393258427,
            "f1": 0.9106000000915124,
            "recall": 0.944055523128557,
            "precision": 0.8932894352838172,
            "specificity": 0.9725561881709232
        },
        "valid_10": {
            "loss": 0.4041421815105107,
            "accuracy": 0.936141304347826,
            "f1": 0.8473488589453053,
            "recall": 0.8431661333835249,
            "precision": 0.8565562456866804,
            "specificity": 0.9610224860977744
        },
        "train_11": {
            "loss": 0.3669733103741421,
            "accuracy": 0.9709319823434992,
            "f1": 0.9208171267200566,
            "recall": 0.9557275745477993,
            "precision": 0.9048930314379756,
            "specificity": 0.9770414786258259
        },
        "valid_11": {
            "loss": 0.40009224544400757,
            "accuracy": 0.9334239130434783,
            "f1": 0.8444648029316223,
            "recall": 0.8076510446075662,
            "precision": 0.9045548654244304,
            "specificity": 0.9746495180238092
        },
        "train_12": {
            "loss": 0.3600115186712715,
            "accuracy": 0.9762991573033708,
            "f1": 0.9369694685302927,
            "recall": 0.9613698723249284,
            "precision": 0.926611621836341,
            "specificity": 0.9830404589211257
        },