{
    "args": {
        "seed": 1234,
        "batch_size": 16,
        "num_epochs": 30,
        "lr": 2e-05,
        "warm_frac": 0.1,
        "clip": 0.1,
        "accum_step": 16,
        "threshold": 0.5,
        "wgt_bal": true,
        "info_dir": "/disk/scratch/s1515896/rob/input/kiwi",
        "pkl_dir": "/disk/scratch/s1515896/rob/input/kiwi/rob_str",
        "wgts_dir": "pubmed-abs",
        "args_json_path": null,
        "exp_dir": "/disk/scratch/s1515896/rob/output/dscon_w0_test",
        "restore_file": null,
        "save_model": true,
        "rob_item": "AnimalWelfareRegulations",
        "rob_sent": null,
        "max_n_sent": 30,
        "model": "distil_conv"
    },
    "prfs": {
        "train_1": {
            "loss": 0.6933542701560007,
            "accuracy": 0.6876509054325955,
            "f1": 0.8021607100441394,
            "recall": 0.8369032024313713,
            "precision": 0.7825806626862968,
            "specificity": 0.13718198077353017
        },
        "valid_1": {
            "loss": 0.6935619632403056,
            "accuracy": 0.7694444444444445,
            "f1": 0.8653076372260649,
            "recall": 1.0,
            "precision": 0.7694444444444445,
            "specificity": 0.0
        },
        "train_2": {
            "loss": 0.6901166674116967,
            "accuracy": 0.7351106639839035,
            "f1": 0.838393550968973,
            "recall": 0.907713002959483,
            "precision": 0.7881126854366295,
            "specificity": 0.11200760116253076
        },
        "valid_2": {
            "loss": 0.6916408896446228,
            "accuracy": 0.7611111111111111,
            "f1": 0.8606958778368985,
            "recall": 1.0,
            "precision": 0.7611111111111111,
            "specificity": 0.0
        },
        "train_3": {
            "loss": 0.6842692114937473,
            "accuracy": 0.723189134808853,
            "f1": 0.8233733785935706,
            "recall": 0.8623045772693657,
            "precision": 0.7999503274503266,
            "specificity": 0.2193427230046949
        },
        "valid_3": {
            "loss": 0.6798746347427368,
            "accuracy": 0.7666666666666667,
            "f1": 0.8630505283635925,
            "recall": 0.9982905982905982,
            "precision": 0.766388888888889,
            "specificity": 0.04148148148148148
        },
        "train_4": {
            "loss": 0.6553028192318661,
            "accuracy": 0.793661971830986,
            "f1": 0.8667679957075429,
            "recall": 0.8938972412563964,
            "precision": 0.8532778919046521,
            "specificity": 0.4229610999329308
        },
        "valid_4": {
            "loss": 0.6237020333607991,
            "accuracy": 0.8263888888888888,
            "f1": 0.8833725969745918,
            "recall": 0.8847146372146371,
            "precision": 0.890913900913901,
            "specificity": 0.6279365079365078
        },
        "train_5": {
            "loss": 0.5993172578408684,
            "accuracy": 0.7879275653923542,
            "f1": 0.850922441854059,
            "recall": 0.8157155012436701,
            "precision": 0.9048842941096457,
            "specificity": 0.6798256203890005
        },
        "valid_5": {
            "loss": 0.5641809946960873,
            "accuracy": 0.8263888888888888,
            "f1": 0.8767609140055195,
            "recall": 0.8590182656849326,
            "precision": 0.9064087764087763,
            "specificity": 0.6843915343915344
        },
        "train_6": {
            "loss": 0.5560037924370296,
            "accuracy": 0.841851106639839,
            "f1": 0.8935584676006516,
            "recall": 0.8870718131633627,
            "precision": 0.9114922479711213,
            "specificity": 0.6637100380058126
        },
        "valid_6": {
            "loss": 0.5487152728769514,
            "accuracy": 0.8611111111111112,
            "f1": 0.9086182061964168,
            "recall": 0.9393676693676691,
            "precision": 0.8851443926443924,
            "specificity": 0.5860846560846561
        },
        "train_7": {
            "loss": 0.5283242628607951,
            "accuracy": 0.8473088531187122,
            "f1": 0.8946879759281666,
            "recall": 0.8813118571569275,
            "precision": 0.9234388420656023,
            "specificity": 0.7111781801922648
        },
        "valid_7": {
            "loss": 0.49024142225583395,
            "accuracy": 0.8777777777777778,
            "f1": 0.9112402674793161,
            "recall": 0.8864722314722316,
            "precision": 0.9473543740210404,
            "specificity": 0.8156613756613758
        },
        "train_8": {
            "loss": 0.5027474912959086,
            "accuracy": 0.866851106639839,
            "f1": 0.9099566234770587,
            "recall": 0.8979336117716384,
            "precision": 0.931517281622915,
            "specificity": 0.7456270959087863
        },
        "valid_8": {
            "loss": 0.49573117560810515,
            "accuracy": 0.875,
            "f1": 0.9160618500044815,
            "recall": 0.9239808031474698,
            "precision": 0.9142180042180043,
            "specificity": 0.680978835978836
        },
        "train_9": {
            "loss": 0.4996910394917072,
            "accuracy": 0.8812374245472837,
            "f1": 0.9218911611569895,
            "recall": 0.9334181155307915,
            "precision": 0.9164946204030713,
            "specificity": 0.6834685893136595
        },
        "valid_9": {
            "loss": 0.5145907580852509,
            "accuracy": 0.8805555555555555,
            "f1": 0.9232310700263383,
            "recall": 0.9557659007659006,
            "precision": 0.8982316757316755,
            "specificity": 0.6048148148148149
        },
        "train_10": {
            "loss": 0.49119440149253524,
            "accuracy": 0.8801056338028169,
            "f1": 0.92024018883805,
            "recall": 0.9192764121637363,
            "precision": 0.929083432217235,
            "specificity": 0.7355700871898054
        },
        "valid_10": {
            "loss": 0.4717253155178494,
            "accuracy": 0.8944444444444445,
            "f1": 0.9268302803911582,
            "recall": 0.9413801630468296,
            "precision": 0.9214676681343349,
            "specificity": 0.7604016354016355
        },
        "train_11": {
            "loss": 0.4780683159828186,
            "accuracy": 0.8643863179074446,
            "f1": 0.9057179095961684,
            "recall": 0.8807915324112506,
            "precision": 0.9410611610611612,
            "specificity": 0.7928202548625085
        },
        "valid_11": {
            "loss": 0.4585177229510413,
            "accuracy": 0.8986111111111111,
            "f1": 0.9314505249661705,
            "recall": 0.9224678099678099,
            "precision": 0.9449509749509747,
            "specificity": 0.8188888888888891
        },
        "train_12": {
            "loss": 0.4820341950571033,
            "accuracy": 0.8828722334004023,
            "f1": 0.9214823519270724,
            "recall": 0.9196281222689673,
            "precision": 0.9297337404379669,
            "specificity": 0.7388598256203891
        },
        "valid_12": {
            "loss": 0.4624460220336914,
            "accuracy": 0.9041666666666667,
            "f1": 0.9337693525559505,
            "recall": 0.9456847473514141,
            "precision": 0.926181596181596,
            "specificity": 0.7483333333333334
        },
        "train_13": {
            "loss": 0.46802925509466253,
            "accuracy": 0.8873239436619719,
            "f1": 0.9246924448951971,
            "recall": 0.9165286005074734,
            "precision": 0.9401104099343527,
            "specificity": 0.7594634473507713
        },
        "valid_13": {
            "loss": 0.4508908377753364,
            "accuracy": 0.9013888888888889,
            "f1": 0.9325265311103094,
            "recall": 0.9287618554285222,