{
    "args": {
        "seed": 1234,
        "batch_size": 32,
        "num_epochs": 20,
        "train_ratio": 0.8,
        "val_ratio": 0.1,
        "stop_p": 2,
        "stop_c1": 0.01,
        "stop_c2": 0.008,
        "exp_dir": "/disk/scratch/s1515896/rob/output/hb_5_test",
        "save_model": true,
        "args_json_path": null,
        "data_json_path": "/disk/scratch/s1515896/rob/input/pome/rob_tokens.json",
        "embed_dim": 200,
        "embed_path": "/disk/scratch/s1515896/rob/input/pome/wikipedia-pubmed-and-PMC-w2v.txt",
        "rob_item": "BlindedOutcomeAssessment",
        "net_type": "han",
        "weight_balance": true,
        "dropout": 0.5,
        "batch_norm": false,
        "threshold": 0.5,
        "embed_trainable": true,
        "under_sample_ratio": null,
        "max_vocab_size": 5000,
        "max_token_len": 10000,
        "min_occur_freq": 10,
        "cut_head_ratio": 0,
        "cut_tail_ratio": 0,
        "num_filters": 100,
        "filter_sizes": "3,4,5",
        "rnn_cell_type": "lstm",
        "rnn_hidden_dim": 100,
        "rnn_num_layers": 1,
        "bidirection": false,
        "output_attn": false,
        "word_hidden_dim": 50,
        "word_num_layers": 1,
        "sent_hidden_dim": 50,
        "sent_num_layers": 1,
        "max_doc_len": 500,
        "max_sent_len": 50,
        "num_heads": 2,
        "ff_dim": 10,
        "num_enc_layers": 2
    },
    "prfs": {
        "train_1": {
            "loss": 0.563620462101333,
            "accuracy": 0.6949936224489796,
            "f1": 0.6096497306904284,
            "recall": 0.7650285089060601,
            "precision": 0.5493495380893341,
            "specificity": 0.6660427270637675
        },
        "valid_1": {
            "loss": 0.4432047986984253,
            "accuracy": 0.8725,
            "f1": 0.787202171976244,
            "recall": 0.8513126873126872,
            "precision": 0.7483537018537018,
            "specificity": 0.8778532877670583
        },
        "train_2": {
            "loss": 0.4453738509696357,
            "accuracy": 0.8727678571428571,
            "f1": 0.7961151256444079,
            "recall": 0.8542975873333012,
            "precision": 0.7626257958228245,
            "specificity": 0.882591203418231
        },
        "valid_2": {
            "loss": 0.4443390369415283,
            "accuracy": 0.87,
            "f1": 0.7889279675931377,
            "recall": 0.8631350936645056,
            "precision": 0.7431197691197692,
            "specificity": 0.8763406327717539
        },
        "train_3": {
            "loss": 0.4403486476868999,
            "accuracy": 0.876594387755102,
            "f1": 0.8049534023698474,
            "recall": 0.8656996489904651,
            "precision": 0.766335533152918,
            "specificity": 0.8812272092138442
        },
        "valid_3": {
            "loss": 0.4427283573150635,
            "accuracy": 0.86875,
            "f1": 0.7909819834523024,
            "recall": 0.8805714285714284,
            "precision": 0.7332052457346575,
            "specificity": 0.8680299167158502
        },
        "train_4": {
            "loss": 0.4373350380634775,
            "accuracy": 0.8810586734693877,
            "f1": 0.8083451399969759,
            "recall": 0.8617467757998967,
            "precision": 0.7750100327343721,
            "specificity": 0.8881360024017393
        },
        "valid_4": {
            "loss": 0.44858205676078794,
            "accuracy": 0.87,
            "f1": 0.7904202968800494,
            "recall": 0.8517878787878789,
            "precision": 0.755383560883561,
            "specificity": 0.8786761731022601
        },
        "train_5": {
            "loss": 0.43265317897407374,
            "accuracy": 0.8853635204081632,
            "f1": 0.8129578349680305,
            "recall": 0.8666108372472493,
            "precision": 0.7783538065575877,
            "specificity": 0.8938532526944974
        },
        "valid_5": {
            "loss": 0.4444437277317047,
            "accuracy": 0.8725,
            "f1": 0.7925327335900767,
            "recall": 0.8536628926628927,
            "precision": 0.7595742590742591,
            "specificity": 0.8811652562381062
        },
        "train_6": {
            "loss": 0.43630741217306684,
            "accuracy": 0.8836096938775511,
            "f1": 0.8108209869665614,
            "recall": 0.8551229278757787,
            "precision": 0.7859642891455613,
            "specificity": 0.8960565695332804
        },
        "valid_6": {
            "loss": 0.43672369003295897,
            "accuracy": 0.875,
            "f1": 0.8041419908608763,
            "recall": 0.8708477078477079,
            "precision": 0.7646848706848709,
            "specificity": 0.8772736012525486
        },
        "train_7": {
            "loss": 0.42780696250954453,
            "accuracy": 0.890625,
            "f1": 0.8208923193159032,
            "recall": 0.8685073863045044,
            "precision": 0.793005843520786,
            "specificity": 0.9003348194227973
        },
        "valid_7": {
            "loss": 0.445250324010849,
            "accuracy": 0.87625,
            "f1": 0.7813417613929126,
            "recall": 0.8393468753468754,
            "precision": 0.7461771561771563,
            "specificity": 0.8903882511081597
        },
        "train_8": {
            "loss": 0.42297330361847973,
            "accuracy": 0.8957270408163265,
            "f1": 0.8298483475321523,
            "recall": 0.8765097289331985,
            "precision": 0.8003899291151686,
            "specificity": 0.9040785804749971
        },
        "valid_8": {
            "loss": 0.44276624083518984,
            "accuracy": 0.8775,
            "f1": 0.7791232302596619,
            "recall": 0.8479708069708068,
            "precision": 0.7441994671994671,
            "specificity": 0.8896021712481825
        },
        "train_9": {
            "loss": 0.4227512364788931,
            "accuracy": 0.8914221938775511,
            "f1": 0.8260006479106642,
            "recall": 0.8815912970249709,
            "precision": 0.7925799469147065,
            "specificity": 0.8959259592712288
        },
        "valid_9": {
            "loss": 0.4406877791881561,
            "accuracy": 0.87875,
            "f1": 0.7942096002273457,
            "recall": 0.845128982128982,
            "precision": 0.7645773670773671,
            "specificity": 0.8902755782075072
        },
        "train_10": {
            "loss": 0.41863271320352746,
            "accuracy": 0.8971619897959183,
            "f1": 0.834678191494135,
            "recall": 0.884803337028766,
            "precision": 0.8017352829015649,
            "specificity": 0.9010978248498005
        },
        "valid_10": {
            "loss": 0.4448869812488556,
            "accuracy": 0.875,
            "f1": 0.7920929612212508,
            "recall": 0.8513454323454325,
            "precision": 0.7553831462654992,
            "specificity": 0.8835346036114916
        },
        "train_11": {
            "loss": 0.4118148579585309,
            "accuracy": 0.9032206632653061,
            "f1": 0.8419919853614233,
            "recall": 0.8989623188602778,
            "precision": 0.8061646320199738,
            "specificity": 0.9078845915425571
        },
        "valid_11": {
            "loss": 0.44463045954704283,
            "accuracy": 0.86625,
            "f1": 0.7808394267953284,
            "recall": 0.8683927183927185,
            "precision": 0.7265916860916859,
            "specificity": 0.8676683299839312
        },
        "train_12": {
            "loss": 0.4095281589092041,
            "accuracy": 0.9048150510204082,
            "f1": 0.8410127202385123,
            "recall": 0.8997592826674454,
            "precision": 0.8016896423071384,
            "specificity": 0.9069845145238544
        },
        "valid_12": {
            "loss": 0.45257781505584715,
            "accuracy": 0.875,