{
    "args": {
        "seed": 1234,
        "batch_size": 32,
        "num_epochs": 20,
        "train_ratio": 0.8,
        "val_ratio": 0.1,
        "stop_p": 2,
        "stop_c1": 0.01,
        "stop_c2": 0.008,
        "exp_dir": "/disk/scratch/s1515896/rob/output/hi_4_test",
        "save_model": true,
        "args_json_path": null,
        "data_json_path": "/disk/scratch/s1515896/rob/input/pome/rob_tokens.json",
        "embed_dim": 200,
        "embed_path": "/disk/scratch/s1515896/rob/input/pome/wikipedia-pubmed-and-PMC-w2v.txt",
        "rob_item": "ConflictsOfInterest",
        "net_type": "han",
        "weight_balance": true,
        "dropout": 0.5,
        "batch_norm": false,
        "threshold": 0.5,
        "embed_trainable": true,
        "under_sample_ratio": null,
        "max_vocab_size": 5000,
        "max_token_len": 10000,
        "min_occur_freq": 10,
        "cut_head_ratio": 0,
        "cut_tail_ratio": 0,
        "num_filters": 100,
        "filter_sizes": "3,4,5",
        "rnn_cell_type": "lstm",
        "rnn_hidden_dim": 100,
        "rnn_num_layers": 1,
        "bidirection": false,
        "output_attn": false,
        "word_hidden_dim": 50,
        "word_num_layers": 1,
        "sent_hidden_dim": 50,
        "sent_num_layers": 1,
        "max_doc_len": 500,
        "max_sent_len": 40,
        "num_heads": 2,
        "ff_dim": 10,
        "num_enc_layers": 2
    },
    "prfs": {
        "train_1": {
            "loss": 0.6599975255098236,
            "accuracy": 0.6200591894060995,
            "f1": 0.400436161335126,
            "recall": 0.5244875754707216,
            "precision": 0.3834320441772929,
            "specificity": 0.6729443789370096
        },
        "valid_1": {
            "loss": 0.5957504264686418,
            "accuracy": 0.7744565217391305,
            "f1": 0.4939133076432848,
            "recall": 0.42341076797598537,
            "precision": 0.633192170148692,
            "specificity": 0.8996153461833493
        },
        "train_2": {
            "loss": 0.5350032209345464,
            "accuracy": 0.7759580658105939,
            "f1": 0.6724986772611221,
            "recall": 0.7510622423585082,
            "precision": 0.64159226111682,
            "specificity": 0.7878895129724763
        },
        "valid_2": {
            "loss": 0.47074121366376465,
            "accuracy": 0.875,
            "f1": 0.7655667484927962,
            "recall": 0.7474478420130594,
            "precision": 0.8007340485601356,
            "specificity": 0.9280336578819316
        },
        "train_3": {
            "loss": 0.4679843604229809,
            "accuracy": 0.8579705056179775,
            "f1": 0.7755969569742236,
            "recall": 0.7979119741057942,
            "precision": 0.7779547838497467,
            "specificity": 0.8881265517697706
        },
        "valid_3": {
            "loss": 0.43164510830588965,
            "accuracy": 0.9021739130434783,
            "f1": 0.811964340725658,
            "recall": 0.809148942844595,
            "precision": 0.8400701955049782,
            "specificity": 0.9399807112374741
        },
        "train_4": {
            "loss": 0.44313763601056644,
            "accuracy": 0.8836777688603532,
            "f1": 0.808576690177127,
            "recall": 0.8215443241674235,
            "precision": 0.8151747210844674,
            "specificity": 0.9113706188603087
        },
        "valid_4": {
            "loss": 0.4402555810368579,
            "accuracy": 0.8926630434782609,
            "f1": 0.7792066330193939,
            "recall": 0.7945777652299392,
            "precision": 0.7748908522565812,
            "specificity": 0.9290827005382774
        },
        "train_5": {
            "loss": 0.43073511575714923,
            "accuracy": 0.8943870385232745,
            "f1": 0.8309976645316456,
            "recall": 0.8459839414275959,
            "precision": 0.8297595612326277,
            "specificity": 0.9179323866932303
        },
        "valid_5": {
            "loss": 0.4353579878807068,
            "accuracy": 0.8926630434782609,
            "f1": 0.7600825821999599,
            "recall": 0.8039704257095562,
            "precision": 0.7372764916243176,
            "specificity": 0.9113617388187083
        },
        "train_6": {
            "loss": 0.4233543049083667,
            "accuracy": 0.9023876404494382,
            "f1": 0.843603140238216,
            "recall": 0.8545726419611085,
            "precision": 0.844962395594418,
            "specificity": 0.9252642260687806
        },
        "valid_6": {
            "loss": 0.4223891950171927,
            "accuracy": 0.9035326086956522,
            "f1": 0.7870572632684685,
            "recall": 0.8116357072878813,
            "precision": 0.7780381454294497,
            "specificity": 0.9239931109177951
        },
        "train_7": {
            "loss": 0.443455003955391,
            "accuracy": 0.8792134831460674,
            "f1": 0.8080939172204349,
            "recall": 0.831121444282383,
            "precision": 0.8088993718937708,
            "specificity": 0.8991064271349474
        },
        "valid_7": {
            "loss": 0.4273635421110236,
            "accuracy": 0.8926630434782609,
            "f1": 0.776358401439927,
            "recall": 0.8084269595139162,
            "precision": 0.7589776165863122,
            "specificity": 0.9092964086621436
        },
        "train_8": {
            "loss": 0.42077412581845614,
            "accuracy": 0.9029143258426966,
            "f1": 0.8386927625870595,
            "recall": 0.8560648465142846,
            "precision": 0.8365764003884933,
            "specificity": 0.9237137777996188
        },
        "valid_8": {
            "loss": 0.4290860722894254,
            "accuracy": 0.9008152173913043,
            "f1": 0.7613864149938993,
            "recall": 0.7821188473362387,
            "precision": 0.7530446606533564,
            "specificity": 0.9205458082858342
        },
        "train_9": {
            "loss": 0.4143363709530134,
            "accuracy": 0.9082564205457464,
            "f1": 0.8538579940550777,
            "recall": 0.8711140096071567,
            "precision": 0.852899266225439,
            "specificity": 0.9269179255090392
        },
        "valid_9": {
            "loss": 0.4307561477889185,
            "accuracy": 0.8913043478260869,
            "f1": 0.7954425192223011,
            "recall": 0.8334562780214952,
            "precision": 0.7738030689117646,
            "specificity": 0.904006945309303
        },
        "train_10": {
            "loss": 0.41467786789610145,
            "accuracy": 0.9088583467094703,
            "f1": 0.8509023587267801,
            "recall": 0.8656399156399157,
            "precision": 0.8537213953318242,
            "specificity": 0.9282005328216688
        },
        "valid_10": {
            "loss": 0.4426404937453892,
            "accuracy": 0.8627717391304348,
            "f1": 0.7698446958932891,
            "recall": 0.8867055649664345,
            "precision": 0.6930242462851158,
            "specificity": 0.8512237895130146
        },
        "train_11": {
            "loss": 0.4213784151197819,
            "accuracy": 0.8975220706260031,
            "f1": 0.837792651604842,
            "recall": 0.8624734737796536,
            "precision": 0.8295067677420614,
            "specificity": 0.9122734659132062
        },
        "valid_11": {
            "loss": 0.4225416559240092,
            "accuracy": 0.9035326086956522,
            "f1": 0.8230869515124523,
            "recall": 0.8365132452088975,
            "precision": 0.8233813288161113,
            "specificity": 0.9318082121101721
        },
        "train_12": {
            "loss": 0.4107061701544215,
            "accuracy": 0.9099117174959872,
            "f1": 0.8581832748145604,
            "recall": 0.8782358824989361,
            "precision": 0.8499754184149511,