{
    "args": {
        "seed": 1234,
        "batch_size": 32,
        "num_epochs": 30,
        "train_ratio": 0.8,
        "val_ratio": 0.1,
        "stop_p": 5,
        "stop_c1": 0.01,
        "stop_c2": 0.01,
        "exp_dir": "/disk/scratch/s1515896/rob/output/hw_17_test",
        "save_model": true,
        "args_json_path": null,
        "data_json_path": "/disk/scratch/s1515896/rob/input/pome/rob_tokens.json",
        "embed_dim": 200,
        "embed_path": "/disk/scratch/s1515896/rob/input/pome/wikipedia-pubmed-and-PMC-w2v.txt",
        "rob_item": "AnimalWelfareRegulations",
        "net_type": "han",
        "weight_balance": false,
        "dropout": 0.5,
        "batch_norm": true,
        "threshold": 0.5,
        "embed_trainable": true,
        "under_sample_ratio": null,
        "max_vocab_size": 5000,
        "max_token_len": 10000,
        "min_occur_freq": 10,
        "cut_head_ratio": 0,
        "cut_tail_ratio": 0,
        "num_filters": 100,
        "filter_sizes": "3,4,5",
        "rnn_cell_type": "lstm",
        "rnn_hidden_dim": 100,
        "rnn_num_layers": 1,
        "bidirection": false,
        "output_attn": false,
        "word_hidden_dim": 50,
        "word_num_layers": 1,
        "sent_hidden_dim": 50,
        "sent_num_layers": 1,
        "max_doc_len": 600,
        "max_sent_len": 50,
        "num_heads": 2,
        "ff_dim": 10,
        "num_enc_layers": 2
    },
    "prfs": {
        "train_1": {
            "loss": 0.6052051625224981,
            "accuracy": 0.7688603531300161,
            "f1": 0.4252665543732967,
            "recall": 0.4052223369639099,
            "precision": 0.5284716499810683,
            "specificity": 0.8707282267014953
        },
        "valid_1": {
            "loss": 0.9106734058131343,
            "accuracy": 0.24320652173913043,
            "f1": 0.3845891031692226,
            "recall": 0.9945652173913043,
            "precision": 0.2435133239831697,
            "specificity": 0.0
        },
        "train_2": {
            "loss": 0.5694967836476443,
            "accuracy": 0.7830808587479936,
            "f1": 0.47253327219881397,
            "recall": 0.4832953719189674,
            "precision": 0.5517823936363258,
            "specificity": 0.8650604802200548
        },
        "valid_2": {
            "loss": 0.5464942144310992,
            "accuracy": 0.782608695652174,
            "f1": 0.5302943203247241,
            "recall": 0.6275472112428634,
            "precision": 0.47353033439989967,
            "specificity": 0.8075913615894711
        },
        "train_3": {
            "loss": 0.5100570349545961,
            "accuracy": 0.8360002006420546,
            "f1": 0.5984970558869197,
            "recall": 0.6141171094822783,
            "precision": 0.6306781701444624,
            "specificity": 0.9006297670282828
        },
        "valid_3": {
            "loss": 0.49919331073760986,
            "accuracy": 0.8410326086956522,
            "f1": 0.5845981029484867,
            "recall": 0.5515073091160048,
            "precision": 0.6395476504172156,
            "specificity": 0.9159533489684719
        },
        "train_4": {
            "loss": 0.4654059381632323,
            "accuracy": 0.8778842295345105,
            "f1": 0.6910088143346131,
            "recall": 0.6648951391928917,
            "precision": 0.7583501548389187,
            "specificity": 0.9392458386041926
        },
        "valid_4": {
            "loss": 0.45062148830165033,
            "accuracy": 0.8831521739130435,
            "f1": 0.6756501244383631,
            "recall": 0.604520358868185,
            "precision": 0.7947189284145806,
            "specificity": 0.9619565556616595
        },
        "train_5": {
            "loss": 0.4363874416337924,
            "accuracy": 0.9023876404494382,
            "f1": 0.7600007069321255,
            "recall": 0.7658755414373392,
            "precision": 0.7893256556177901,
            "specificity": 0.9447511285241247
        },
        "valid_5": {
            "loss": 0.4371436018010844,
            "accuracy": 0.8858695652173914,
            "f1": 0.6457865686160208,
            "recall": 0.5330855135202962,
            "precision": 0.8536231884057971,
            "specificity": 0.9809999438354826
        },
        "train_6": {
            "loss": 0.4184454503688919,
            "accuracy": 0.9170345104333869,
            "f1": 0.7891205695090519,
            "recall": 0.8056644666195223,
            "precision": 0.8061572790505367,
            "specificity": 0.9526708376515496
        },
        "valid_6": {
            "loss": 0.48857239795767743,
            "accuracy": 0.8016304347826086,
            "f1": 0.343956043956044,
            "recall": 0.2325224292615597,
            "precision": 0.8478260869565217,
            "specificity": 0.9981884057971016
        },
        "train_7": {
            "loss": 0.40206123637349417,
            "accuracy": 0.9290730337078652,
            "f1": 0.8168495202345423,
            "recall": 0.82830368757335,
            "precision": 0.8361757000801942,
            "specificity": 0.9614374816629608
        },
        "valid_7": {
            "loss": 0.4095217520776002,
            "accuracy": 0.9171195652173914,
            "f1": 0.7300468858552047,
            "recall": 0.6908573310747225,
            "precision": 0.8028467908902692,
            "specificity": 0.9681236060725663
        },
        "train_8": {
            "loss": 0.38724865354178994,
            "accuracy": 0.9393057784911718,
            "f1": 0.8454566766653846,
            "recall": 0.836414100880393,
            "precision": 0.8748613745804761,
            "specificity": 0.9688715813647591
        },
        "valid_8": {
            "loss": 0.4100004227265068,
            "accuracy": 0.9103260869565217,
            "f1": 0.7844725464930069,
            "recall": 0.7386818495514147,
            "precision": 0.8754940711462451,
            "specificity": 0.9672362196369757
        },
        "train_9": {
            "loss": 0.3789574425207095,
            "accuracy": 0.9483848314606742,
            "f1": 0.8713744279475941,
            "recall": 0.8608774028717848,
            "precision": 0.9030690127600239,
            "specificity": 0.9753430751836017
        },
        "valid_9": {
            "loss": 0.4234556672365769,
            "accuracy": 0.8872282608695652,
            "f1": 0.6509184620437817,
            "recall": 0.5384638308551353,
            "precision": 0.8572463768115941,
            "specificity": 0.9841776460676792
        },
        "train_10": {
            "loss": 0.3665214020214724,
            "accuracy": 0.9590941011235955,
            "f1": 0.8985213423246086,
            "recall": 0.8841810966810967,
            "precision": 0.9264533375488433,
            "specificity": 0.981607575735231
        },
        "valid_10": {
            "loss": 0.4171698702418286,
            "accuracy": 0.904891304347826,
            "f1": 0.7865004874427407,
            "recall": 0.8010163749294186,
            "precision": 0.7973602484472049,
            "specificity": 0.9416465696603887
        },
        "train_11": {
            "loss": 0.36373329748598376,
            "accuracy": 0.9603982744783307,
            "f1": 0.897892200198017,
            "recall": 0.8842930010064843,
            "precision": 0.9268124665596578,
            "specificity": 0.981884389374895
        },
        "valid_11": {
            "loss": 0.42407746418662695,
            "accuracy": 0.8872282608695652,
            "f1": 0.697287882470949,
            "recall": 0.6128944726770813,
            "precision": 0.8542223477006085,
            "specificity": 0.9723420026728155
        },
        "train_12": {
            "loss": 0.3612984798932343,
            "accuracy": 0.9603230337078652,
            "f1": 0.9021778013739369,
            "recall": 0.8926808210516073,
            "precision": 0.9327958558295636,